14ez0y39	f94961f29101b84cee3981473c689f28c2ab1071
14fhvblf	a2c6210ae97d8ad0eacc717fba2fdff2bc52f072
14fr7mkm	edcef04fb943b68a7a7ca913ded48a03a1caeded
14frfsq9	52f5ee5f0839a95e12b6d68ac5684d00f25e7f57
14je9kav	c068f4452ec0166240d861f58801204711477708
14jwwtid	eee3cbb2be65942ee0a5c8df8f5fe1db947a1723
14jx0uva	5114e993f3d9a4a4903f352e7a95d1b4a203f3f8
14r7az6f	945793a6532d4fd631a4fb109048de6bca98ccda
14r7ch37	f635e8d5da91184cd8c9b0d3b9bcfc86d33395d3
14t0u7mp	9503f40d658c023a50649eeda132df4b7bacf445
14vmktqr	eb80ace211cef737ac7b8adffee4a543bc7ce7e2
14xfz1w9	a598a0fada75726cce88bd587b92977073c1cbe3
154qewdf	d5a3689e9652f8277aba44b4da22a38b3b3644c3
16e8uuk4	09b283dac098c34015ba8ee5c9d4c8fbbe6a12d5
16qh1hs7	406ca13fc7378d627c25c8d8cf02a423e241a911
16qh3nrr	826bf9f3b0eb2cae1744e7e0d104fdcec693afef
16w79wr6	018c33a90dc75b94197b095ffe38b98a193c4ba5
16wia0dx	3d63434f9fb91ce97f4dd3462dd7d5a605b21ab9
16zbo4qv	c71ab8664e1485fe2f11c563d673700a9ea6736e
1703hqqf	030497357ab36369d3330cc84c8e19e8782f0782
1703re5x	e2fa5c5b14cead7f307d2bc1e398e8df1b28caf6
173qjxjp	9a6acb79f8263fdcf18bbc59d778523e36380a96
177wm9hs	9d4ce07bfd91582782e63fa74b4eedbdfaf22a9a
177wpc7m	fd65df00083916e5aa364e5d240c3034c658f87f
1787veps	613010b47463a9cd21b31d48864ce3dcf8f4b1bd
19yymm50	22eadd313aefa831a67dd2201892a8ca5266cbc6
19yypc9v	85189d8ca93bc45a6c39b05e7a431543fe01b436
19zj1a44	e124868c270d5f8c67024d0085152ccefeb242a8
1a3fmbva	9090b75908a546b3f7547f398491d3105fde019b
1aw9cydj	a18c7f00a43e59992397b301611c20ef4ae23f1c
1awkhpw3	28acd857a0eeb6e794c780f6eaa144e786da7cf7
1b2juykg	4a9bf19746b281a3d86cb3fbb3d2728c0dd65bcb
1b2jwjz4	bdfbd59893d727751316df33059096b7c77aab1f
1b55kygg	f56e188463ed023598b693193b26967a7d5a342b
1b6z60d3	fcf9ba6f604a96fecc838d8b3655e95dd2ad7b91
1bya8pw9	a83e5f0f0af642d4f2887a470594f192a2db4aed
1cqwayo4	e6eaededc1a812ccccc8c1f062ea47bca7ece07a
1ct8kop4	de7625f5dd31ca228ddbf9178fed3c45f6b45181
1cvbgaiw	2206cf36ccf1403ffbd1420f38d5e678fdee3de9
1d0021om	c3b4cc7b258c2a3973c2e5af7a22af31fb8f9f89
1d0074zs	8b1c4e144530fa62e6d8a833b3e419fd4bbd27ba
1d1k8ha0	a6e5493a82049f91e0c8b2d2a56b28993e6b83cf
1g99q3hj	26a5a02f4bd42ae63f68affbeada9ac9f55418ef
1g9uahi9	b94e0d0680e6ad9f4e741ac575937d66358faa69
1gtlsntg	1f7644a6a1d7d943654ee5cdafec9c4d1fb28795
1gue0bp3	343b2f6acc4a379743dc47ff3c957ea7d7c94573
1hv2c2lk	d50077c1bab536c79027449505be2b46ff31455a
1hzhgzk7	42066566906395fd324fe3cb8513a14cf8b80f81
1hzhl6xs	bf8b2c0dbba9573a42fd040770098ff6f01941dc
1hzqu6ty	087060805368aa7b9bd94b2119933c0704a3f9f2
1i8urlt4	cde3f933a0dc92e42f544ff7c3e6a97d4ae75e7b
1i8utj5d	99ef26424e41fc234cf5efcbac9cf98ef8684723
1idbm1zr	2a89e58aa457a62e265dd3ed75844e853007f820
1idbp8g4	baa0262222c5f01f2f143036f68d71fc4309cf28
1ixths2a	74a602f78354dc2cbb2189067c3cd6e83cc1a230
1jxghpqv	8a02ef73a3d0e546db410036a8b995a9abcb1084
1jy8p89l	9e132b43b8d2850e520881a1f4f3bd800addbeb3
1jy8v11u	57d8ad2c2f4d45be1dc54baf956d52208f5ca142
1knzmyc3	5448a88f397946113e34d57ed918b472918682c0
1maiup6x	e0f80484755295e85015c114117009e398a72202
22gf5awi	fbfd65f77f26f64d69ba62165280bc2438c5abab
6qfuat3	45f6d088e25993960f8900d6639e73bb8a1161c6
6r0bt7a	a2a526fc5e7c143cbb146101f0b17ed16a42deff
6r0iwk9	f2aa42ad4d9514265656ad0329330f21b3e9139d
6rsl454	caf19a7122b3a384bfa1b5d60ce572142f236528
6vfg507	ae7f70779925b3239baa47d647beb3a6effb9804
6vp1rv4	a72bbf6c852d9720f47608962c30b9a223876404
6vyb3fa	00e3055527567740cab96dc5d337b09780f57c46
6w7p02f	bce15f63a918d0a2ad937c0351bdc929c94fe9fc
6zld95g	1b5411cda13f14414fa9d7df87e9feda56dac0fd
6zlg9wg	d9b6e7313715d2fa5052babe737fa8e72d3402be
6zwu5o1	d139163affbeaae053dc999d37fcb379528cbb07
70dgjv4	309b42aa17c5e3bc29d8154fa9271c83a53d1a8c
70oxc0m	728057a6f532f67ca2e9623a29de23a8fabcf7ac
738m4ns	81ec9199bb8c79f38d8db4c764bac2f8dc2b7a7e
751xsav	37634c18cde7ecdc49965042dcc741ad879729ef
77ec6x1	b44dc14a09f3107ebc77d3b777a3fc7654fc5b73
77np569	40f199517c0540a379abf48d3074e5f6b7a3b3fb
77nrurl	58cce24548fb96c1aa003245f60deeae03da6049
77x0zm1	3edbb76b578d626e305242f93fb5ed6c57436f41
77x1zmc	8d0a8fe179301e0f35221ec77d100ed313e106bc
78yelns	0544429b6247b3dc64b79b30b46130e3a8c8b467
78yfw5j	028b372cdf8f2f9003f1e1440d38fa77c9a4e25f
78yigrc	ec78071ea488a1d9b51f80a740dc7c174d22376b
78yj040	7039f57f76840ddaca3460e50ba6163b1f733f6d
7980e8j	d7260b287b80cc478d5c312de093b005773fe2d1
7982uls	21391762ffb582988069071cec190eb7c02686f5
79h7a8m	5401fcf142b0aa6a336dc146e77466bcf9eb01f8
7btezhk	022b080cd8a2658834f1d060f0c345b9c843cc61
7btra74	0008f40ea13bb48db559beec46793cedeed3fdc3
7c2w8w9	831243a9700eee701654fd0ac14f00ac6e20f4c2
7dmyhl1	1d296cbc4495eafaab941d895dbb874771317d62
7g6x2sp	6300bb9a78faf1fe4bca3f6fbc577c7f49517101
7g6x453	1d4412316917fccdb3f7c4f621e7e327023133e8
7grdc2f	bbafb4c0f5f50ad0d969ff3348f2c5a0d5f32d19
7ha58q9	e96fb128b12c10bdbac5f22f2042b640c9241b21
7ha7qm1	cc380df58e4a2301488f6913b8837b15266c9c8d
7ha90fm	2c3b1edff95572d068dfa476536a1d1c3a62dade
7knt2d1	670dfd0a65a2e05cc08e2420ee8004f5f404ce50
7kxbswj	223cedacdeeaf58869dcdb0095a43310f6a0da9b
7kxijo6	b76c6f3a28c62a1e5b6fd174814eb980be12c8d6
7l6mzqs	529f3e90bebb34a7f65a30ceaabb7522e367522a
7l6vqls	c95297931a8dc050ed6769c901f8752b2a43db02
7lpj0wg	e2565459a74255772924956ddfc29ed1a1e694fa
7p31dom	f493928d108685336328e24b8e5d47deafed6e18
7pco3ep	f273183635fcf66e8a3aed6aeed011cddd3f7b45
7pnodxs	f980039c54a94d1b8b552daea416c19ad51dbdfe
7pnpfm1	19d601e01a45dcc135b690906d8ecc98d3c924f5
7q4njwy	a1e397eb9be748acf39c7b642851a2e68e752789
8prj2p4	0f5854505753e541b8199fc56c2b66cb95c05cb0
8qjnrz7	6ee35e477fd3ffdcb8440975596803065d4e6467
8qjtw74	3acce90f344856c1caa98c692a8922b2a31ba286
8qsua21	a6b69cde3be452194400d76c6965a16a3db28bb7
8qt59ud	a8be45be23403259b04dd99a8f3301a0d98142b8
8uhupt4	4bca73af4ece7c0a1b2bdcee0dbbc3da98a80af7
8uyr3ip	ce270a6bd3c4b144905c6db20c9882f085446584
8uywlyx	45402a1d23f1a358e7923b6b2bf43d6c8cddbf43
8v9wy0y	ea618a64143926e2b6673c1666fa9cf8af0da77a
8yxd4wl	84ee94f2e5ef0664dc8770b89a80942264fbc816
8zfxh89	eed94ab97169e0183a57a55e0f55b678fe55c5eb
8zpbyhd	cb2923bdcf6a48a591364e18c7b88b24e8f95f1e
91zk6ea	8d63b5952f29f7076d4c8d5477c75218a1525983
92947kj	64c4b7117a4c0eeedd47094d98d30388a48d0e44
92980t0	0fbf5c796470af32b9ca145c31aeadd1baa91d35
92ibhpd	a11cdbf35839ff551e7f20fbf5a5dc6648b8c267
93jxlbl	de0d6bc958d154c493ba3ca6f28258c4b63b258a
93t9jbr	38d39b0e152f5224e75e65f82822d0deebc28330
942jv9x	e8c3266d972f7ebf442d01c64801c74f4387da9c
942rqes	ca27cd6e18fd91eadf22346bef56f93484f6ae5b
96epjc8	bedc9f26da1337ac8ffc97bf94f17b36fa5017ed
96etzsl	2a98e531904e98346a92c625e46e049b5f8cfdaa
96znazp	2f71b141cb2c8b40a013e725672be51bb6797d90
97z5nax	0bb761d1db7f8f8799cc2473681125621b9f3307
98894xy	9419783414ff349766971e3dcce673395962d8f0
988g5tc	4c7e18ebdc89aad430baea68f800e62baefac51d
9au0py9	13f13cf8b2dee0c81bdfeeeb427db9dffe0adc78
9b5g3dg	09d6e66f4c591b66bb270e433663c35eac3aeacd
9beou43	2cda1503a3b981fb43e73241f5fe0d6afaeb921b
9ce8dxe	542c58f111062255afe318321199144b5f7e7983
9cyw1vl	c6035312c2a1deefa256320addb1b6bb6676a2f9
9f9eatj	d4abf1cd7859a24ae60f763b46410e8c6daa1ae3
9frwga1	88b8731da11c9922101646c68dc1c8d749ff09ca
9frxwcm	bc310c9f8c8e5f80795993dd2e31c99325323eb6
9gap6ya	fab9903d52435c97b1466caf9ab3eb642b2b401d
9gar8yv	de2d33b130ca50e4ea8da10a14897531fb91f374
9gjyj3a	6b724f5894abc43e50953a1fe8f36b7c614f9771
9jxrjp0	9bb19a9c91ac62bcfce7397a32ca0b673e39ff97
9jxzuya	adb0774f83979e6c3259a19d7da61483c97ab0d6
9k973ms	3d18d26174337674d44e998e7961ec5fe6fc5611
9l10swo	37afe620cc8111369fa616630d17742aca69175d
9of2q7r	39b6276579a7b6e945424ea1a9468bb03ce2e19d
ap36rk7	9499fadac306a0d62f62e75032d6d4113892f482
apk1kp4	ae2a93e61faa4e8eaf51133096e5e2ae588b4df4
at94pr4	a577609bcaaee16aaaf7cce0b12a188ea75cba52
atq3swm	e17ec48db58b14128b6eeffc40e75a815c98cf7f
au1c31x	9b434513de0babc16016de81ee5d1938c5879bf9
auag2mu	5997688c511beff4905a8efd72684b604ce2fdb0
auaiv79	e62097b74811fed9fccc9e44b866d5f700850a88
b19h8cm	e2a5f33fff1d86cd3aa111af71249af3ff3d84f6
b1kv5hu	2acd25686ff0c0a338924845c9f653bbbd147da2
b2k93rs	46683d28809552ef3bf0298fbee015adce56fa2e
b34v7rr	54814d4a6a65486fdf977efc1b823e2f6194fdd3
b354umu	f8955b16f93ed371e5306bf5b615ab034cc9a819
b5fgo7o	43ffa9770d76e78397224ee38fcdeb8627b42d35
b5qqvjp	4b0202c62ae4e1a25cccd68a236a46d64880bb7f
b601gea	c5306da1147a4eda5b9a0aeec37568aa82c7b845
b6028p1	e9ddb94ca3169d751a6c7f14099cddfdf58b3a01
b7aq5w9	6163eefdd8415380a5dcf63dc92b019ae4f52b12
baf3lhg	69cfb6a7e1c184c438b463c65fa5c008fdb4a7fb
baf6uxs	e33b8343887bef3a55596df79cb4a7da453b7358
beu9t1j	d6c68ee0a54cd073ba3d2e1e1f7c5fa29e42d46e
bfbdyj9	ba11f7abd4aaaa3de1afb371288ff1da6a7533aa
bfbe1hg	c9ed1451a189fb12028cf23f41e63f2f7a6c5d25
bfmiam8	9a1e08673a79dcbb9f432c3ea351e0da59467195
bioyy6u	319969da2212348386436695e16283a29bd0d48c
bip397k	a151b948e4007537754f3e66b01d83ee8c65e679
bjs9edy	3aa7a4931d71351d01427b080d1173e69de84a7e
bn65k5s	19b54f06e70345542be1d6d3e86cabdd333a2a59
bnfj3es	37a8bfef33b50cdb529157b4d79c516f8e78d4da
bo7h15f	6adbcf37ad440170795844c29219add75f5a9dba
bo7m1ad	613343ea4d66abb4d95022c3159d53d0eae194a4
caiusg1	0a860652225a2a86adac3a75698859e324ad2403
cas4zu1	685c0ed5d969c610f732949418108d85b65c4443
cas6eeg	724c7f603475e304759c642d2a19f34948f806c7
cashjpj	51b9335471adf19d92dc4f1fc6376185cb85867f
cazmq2a	9008d02deecf2ecfebe475a872f3978ad8cb34b1
cbb2iva	e39494d70b580df73db02c2a98022fc1b68d57d6
cbk8ar7	81cb32b1f8780d5fe36210e5c74a5d3d27be679e
cbka0rp	3a76d05eeeab2870e11914e9298ad187bef0e9a7
cbkb8ud	aba7114ab9ff81a4fb8998330fc4d2cab71c525c
cey2s8o	48d5fac8bea1ae90d501c538b03d61510719fd11
cey432e	cce274e485d27eda40e9a833de9a25e413d94286
cf7ds9i	64dae81f4def1be38c39063d47a8560ffe7d0b22
cjde0sj	11c0b9fb9e41c5d07b23d4efbd148584b9187705
cjdfpqa	e7209783d525435d6bfe889857ae518630c25fd8
cjoec84	51d5e4fc694af323dba6e3a3b7e9ccc991481fbd
cjw2ueg	d6f200df176c4b566214e2db3bd9a63f57acb78b
ck5kjyr	669ca5887afd6045a6c42fb048075e60a5c74bd9
ckghyd1	956eeeb4f9c8717b1597b22a1d7eb227b433f76f
ckgpx1x	31db370d5b35f4505fb8818f9d0909e09569b86e
dcg69p1	b5973bb65a7ae0a1d5cc01f820a3e8ffad2b9d1e
dcre69y	2626aa9b78b09e15d65086cfe52ffa543c3d434b
dd0soz9	06966e525cb95d42f27c607191c6fa315829a758
deblmjp	a69d46eb589774b6012cab652259586c854bf4df
debnh34	f665666fe622af061eda31897583cb21e674e334
dekxifo	e290428dd1f331a96c9a55ce568fed8a09cfc60f
dekyqud	69871a607e70e646063444103b6e654f1e9eb048
del0dbd	9f7f6ad2c55974713746317fc11fbc36c3fb2042
dgxah3s	d1f911507525c26b775805171d2de382da5dc4ac
dh6q2k3	65fcb2aef03252a4849fdb57699de844ef2e8b12
dj03gpl	92b30640743d0da533684f94d25f7d1dbc6c8d90
dlcitmp	e1c1844a7aa1207e06290691d5da7d498d541523
dlm1d2d	c8068533945f5da3afb2ef2671ff37d2bdc5f03c
dlm321s	3eb13f3ccf2f3289a10140a88bce5e84a8a47ebc
dnhftxd	01f70c4ffa11b4646d275e499e745a071a7986dc
e9jcghs	8430c81631c2b68a5259ced7328cd22d225f3ab6
e9jg1hy	ca8550a5ea5d655635c70e888db2074f51102268
e9jkrvp	810bafa273da79d2007315e2488ef7a22eb514b4
e9ssenl	8b039f74b1209cd3b1cf232883b5b6fc63ec4436
ea245zr	7b29026b0c07c20404d39dd6b8c209ef52684e94
eabit5s	664a4e87e1a1a2097563b2d3d923e882f5f16a55
eaky0lg	ea08a1fcc8d9a929632b1642dc4065a85c9fcb40
ee9x3yx	be88cfb3ccab563828091ab7b30e7e4811554b0a
eehciex	069ffe22aa55bba31b53968dd2d0414a8fdbdf96
ef1wa5x	2004deb12562eef73be5ddb1b3d351a9877efec7
ef1zs4g	93b6fd8d27944b0196345b69f53c9c2991c5e1e4
eiwkjmp	3a0ad1b39906e79a88e28d6612d938d2a4105e57
ej7ur74	d21dfb1e1f747b45fc1b80a4f0fe0a91ef1d66b5
ej7vxw9	388b1b90ccc455d12d40216588150175e357aab1
f0l5w2a	bd8be2e1a94df231f5672787caa581f685d3aa2a
f0lh3wm	36246a347a408d630af5515f70d27c42f109f55a
f0uj639	0bfcd87481d803f8e8f0b57e8ff692e27ee9c1a3
f0uv71g	82735118653816a6034e9a7a6a66512e148ac5a0
f38y5qo	df8db110b73ab409f950b7eb2c2f0e25c44fb0ca
f50jn94	27a315fa669292ac5ad97e0bcea7fa2767675266
f59shns	ed17a8046f4b35a7a9aec31ff7694e903297291f
f59yptd	283f915b54fbd07f7973f2eef56f761f64a14521
f7eqe5k	55aff864942bc3240b1aa8ed1e239a3b1e035776
f7eta9y	5da19646c2292a443a7fbbca827ab91dc79b97dc
f7nyiag	7e78c3f690659669e7131c9cc61e3ea609069327
f7o185d	5e8211fc0eb9961c4084f9cb159b5a1de58cf990
fa0a6a9	58b8b4bb5d2cf775f76f56b5057b1528f0e4441f
fa0dxfk	7733c04749d041a56250721a233edd99d01e3d2a
fbrze3a	b407e5ef089ae7745aae976e2b5ba88bacefe770
fc1dzwm	22499d62016dc20779b0cb31c3fc48b5cfe800ca
fdlgo7l	3b13ef053f9b8d39989d1193b7fa4889a9ede4f7
fdli2rl	296e4fc01665199d923e498ebc51302e322f5388
fdlnbmc	7f4235445cb91664649d69265a865050efb6549d
fdloqjm	029ca00faad91476bd8fc308cdef45d290a4c149
ffxsbv9	285fdd684e5a3bb76aef3bde6d16f411058440e8
fg747ba	d7134308e7336966312c31da857ec77e3ae682e1
fg758d3	ef5d09900a64ca90afd1562050b858adeefc1913
fg7dqud	043b377b5d114bbb0ea1cc890df26dc6d63b3f23
fhrgjdf	07973f3c19592359b63dc2e81bfff0fb20b30131
fhrh6bm	dbf1b2e6b0261e7db688c1830bf7e7a57a2d5314
fmhn8gm	fac2fd9d1f5fd1a8b61831005ecc2097d18c1e93
g8v9nwy	a03a0521fa593cd54e6cf9fe30fae7be30abd892
g8vaknp	77ea274024edb66ef42f3f161460f3ef5ba6780b
g92iss4	84298f2debd966a8e36c4e7e5e4d9ab807674478
gdahlkg	984d71b2463a6373871d27d7fb93bb86dd898a29
gdho8qg	cf4c194f0787390d676b0154b1e607ae4bff4c4b
gdhwi6s	267128ca5d3b82265e09ecf9d307b1b6c91c42f5
gdswm1g	dede47c1a065fdfcc11215eac48ff40b4f13e72c
ghplmyq	89cf0c69ab00aedb62e044f033971d4dced6f83a
gihguj9	d90bc520edbb4d1d781f15271e4061438cc5eb8a
gihk0n4	723b56b3c18d0f07e8300b33ce971a0ccb3cdfa1
gzv3jgp	ecb3e5b6cadfa0649c16614a9a19719dbad4fe9f
gzv4yv4	31da68894f176641da932ece216c948b5e7c1ce3
h06fzti	6c5ffc594b7a99574eba3f39b11045b56cb01289
h06gi6a	89b247f6162151220443f19016713581cbdac7e4
h06lbuf	6486c107ae37ae69c0a04b80305b4c11ae0715fe
h2992yp	a939a90e491a5c53aab30eb192b5a774033efb0b
h4c2xrd	d2993dafbd23e54e28c7b8407bccc048ce577f4a
h4c3ayd	c24cdbd1f9c0ca4f0f35e58736850291957d3f0b
h4c5xn4	8a5c459b72d5522bd9833abb2b7c0a33a5907fe5
h4lnj7m	d2d74917799a4838943d1c5beb97d416c2a9516d
h65qnns	09463f38ea9ec5ac6af62934f9943976ad93f430
h65x1xf	311e98a2874f274ed86fe6c2f0cf917f56ad75a1
h8rcrdj	22a3ef7210998a8c776ea0b25a01626995050cca
hasd3yr	0940c5743d4d63ffeb9e4c9b8076084457e8ec68
hey7vc8	944d1bd61bc967ffe25581ed5540799c971c428b
hey8787	2ab131e332eed7a992e81ac334ddf5aac1ba757e
heyds29	e178134ff950c166121b8ce7700a49f7c1a3db8f
hf9kwox	8b0ccb140d54f5f1f1bf4b57427f3a63a9afd655
hf9p00m	d8cc044fd072049b076a78c8112f9e66dc683ab4
hjfk8l0	463cb70180fae646873f115d03940268390615cc
hjxy4o7	fd12d931f8f1084c2bb409abb0dde83914066ebb
ij9ohad	a968c6d85f4b45a63afe6656bee3beeeca7cdbd9
ij9u9v4	957172f2de592e800e6fad7f84f4db51cb91def5
ij9v0h1	7a567347bb902eb80dc98c658de6bb28827296cc
ilasehl	e5448f0bcdaec5cf2a2c0b5998a1a8cfe964b06f
ilm6kwi	889fd64d6cf89ac39eb1098d30b8cd5e3a76c7a4
ilvmzus	a65186ba9fdc6d801d8d1da97e6d795058c08c43
iqait1u	2b571ed1cdafe65820037af9c7ac8239515ea295
iqapo9s	f8dd5e2257824192f91a2fe80938d8d420d958a0
iqaqurs	16ced7bd6fd46404f49c4adc637d70d2f032ac10
is412ma	7fd36fe5c012853fe9df91bf2fd3f46cfdaa128d
iu6yctx	cee5a2eed2ed788ea52817673d9edfe26b40bc3c
iu728i9	facc589ba30a6d2cc052b2ab79c82b4af6363f5a
iugjjmg	509836014d8343f14b2a221f1a1182c3ceea75ab
iurw8hv	6aa3b97e1f15d50b31ad525e865effb0f6943b34
j9suuky	6c9c2090bf978b256b327234624fc4340985b861
jakyx04	75417b27464a2876cddeeb71f173a55ff2246c0c
jaukggj	3d351f28dfb7b660dd81afb29b3401b8ea288071
jaukyts	38746574177099d380ffff91fb05288c1fe00ba7
jf0ddfc	a267fc1604bbffe3e8da3f82bf9c4da3ba84b348
jf9guis	d9de16b9e10de6f8cac83c9c96ef65f0158757fd
jiyi5cm	b98854c85f9637b3bb6a7e3ebeb3892bf9776e2b
jiyjnex	7b5bfe72781b9d3fe8286cc1ba184148cabceff3
jjfcbx3	12e7cf8412db4e20fc49e8a794916fab29d38c5d
jjfeqnl	294e41d7931cd7ad2d252532ed6450107686cd60
jjfewp1	bfbc96da4fbe859ffa21dade7fde83ce529099c0
k7m6frs	9f41f46a8c47c20e4bdb711ae85a1aa104f2ff2e
k7mgd3l	5d368e88fd9c755f13f8c957675c7ad2665fedcd
kbs2cef	12840bb60d8a98e91bff53d4f6a9c202ca5776e2
kbs54ys	55e6c95258d72af867ad02687437a4ec5e049e06
kbs6hhv	c2d0fbf1f317cbade0137eef3c8b66c1a241288e
kbsc01s	62e54fc9654f7b735d07920b94caf955f6087946
kc3adg6	fc30dfeb5bc9e44ac3f39c36a440d831a3c89fe5
keoxqux	6339c7f20e0ca23964070916bdb324d8acd459d9
kep4nx4	d5f68a174adaa2db9ce060c653ffa596cd4a1f64
kfxvwbs	dacfde88d534265837238bd62d55f5331212f211
kfy2wqg	2c74713607f233e933d8861ff82b3dff67d15ebd
kginiuu	888cea38fe2d7c6ef080f77e85466e90efad3d78
kkvs4dj	638f35aa8637c93d06340bf4321b77df9886431b
kkvus01	e0e2c7d46807c3b5f64a55c8b1d1cb54574a6581
kkw1hua	37b98902f9b9bb3cdbf299e23198d16fcd0f6aa4
kn0ljs9	b22cf46d3037830d45fde9228b9f3df494bc0bef
kn0sthe	b156a037db9ad6d2c7abb0d8be08013c2dce570e
kosbq7l	aa16fe77e647a2056470548a4079d6867fca79d7
kp1wnie	8d3b77576d935970c33762358382f65d96d53ce3
kr6nvhl	324e4a300fc40fec7ce3a7bd80f876c8a6e46b71
krfriom	40907d3c91bf51b89388031733a8ca7ed0ad3159
ktixn43	42cc109d0d5d530562dcaf33f1d11c545060022e
kts9nrm	baa390d8ef83581cab91d8fc4499ba2cfe75213e
ktsc4t3	a3d47398f2dc00a264203de52ea2cb6ed29734d3
ktsc8r4	1cb32fa6488e8c8d135db6fb8d3de5d397f4d4c6
l8tndbr	8de1f0cf587557a65e661de2851d77c8c04e32a6
l9lnyma	7c9c408fc492938b8b3ed6daf118e2d82393eb7b
ld8m26s	aba70a4affc4a10186791ab46cdbfd1357d290d8
ld8n79j	742f3e946c3b747ce2bdbf3a202b46f728e6861f
le0qf5l	ce6a1c53c1f791a472d75942d0388c6a3e68ed64
lhpn5n4	4a60fdafecf390111caca1f55ba5cee336d053d8
lhyxpoy	9f248dd557b1fbad9e42a44d4f041b1af3d82a8c
lihuyk0	c366ed4171f1c35c16f9add10ed3f55145654ca8
m6dkqj4	8fde057af8196ba334bc642f249fc070eb201f0c
m6ojfq1	658996eb513a744b22889a5c453462372dae13b5
m6ojl9k	128986ab0e1c0baf90c2266ea1e0ecb604aec683
m6ok11y	c01db4bfe15bad1a9147d5c27dc2b2a418ffa902
mf9wuhf	23be5a33c5dc23301d4984158564001e8ff206ee
mfixruf	c8287b7314d0ff335f2f2c4c922c22f0d78d7410
mjdoheg	fa9276faad00821c4a8bb4299b87113e8d73769b
mjn8v34	24ed5ba7bcf3340dfcf5ebe00571661a9f6e1dc5
mm17p0g	6d45f02aa223b2d4ef8ca34432126ae447e6ede8
mo400vm	e524f0832a4a3c0e9b0108468d80e0cc6ae750fa
modbwcj	6d8b74949cbab360d139da891bfab690f8739fd0
modmsld	0bdb1c8552bbf4d8702e1713f1b1b9dd5e0b8beb
mq6ys84	10da300538692ea8cb2b6f317ee2dd932e6cecf4
msjdytd	14c98421ef16cc0008974ca52362b5a9ac5a913c
msslr28	63f1149bd096c0b9d5b7f6fb8b770131e74e974f
n7tsj04	b017578dc2f17b1502be29f0485131e02df271cf
n8m1icx	8769afc9552fa9aa7ff00ff0c045be8b581fd357
n8m6nvk	93c916d9ac3fdd04dc464e098c33d9404ca0d8ec
ncaw6fa	8fdffa2455dc0723bf238478ff49c5b2688f1216
ncb2ssy	7848e289b5aeb77c166d1f5c11cd7925ec07efb9
ncb7lls	fddf840520c660780eb841bb58c579ab6909884f
nck7n94	e975499b39708d33ba93308110fc3798a68ceb8a
ngzfarm	9899eb0f32f51f204258d1e77fffc1cdbdfa4738
ngzq8nm	701fc79b0975118d042bc41c903db4ecf2366974
nhi7vkm	196161483a3627df5ec5d110cb1eee73d028f968
o89467m	162acd33de1a2690ac4672565df877481e0f483d
o8i95e9	6786b200105b28d2908e7e327d39ee231928f13a
o9agvaa	1771ec8afd5c2998dd61c9999041bda040398130
oco37g4	823d54ddadaf203a508dc6b789dd698a9994159e
ococjkl	8cdb4cca7f60c17fdb85cb2b9accb0160ac036ec
odg9aaq	c9fe46a1fd88c429ca83be5bb5fc825c43328db8
omk3d4y	8e331f027068979bb1c163b45b860b9e4cedb3cc
oqpx9vm	6c986a54f351c9609fa5464f1b2f9382a3c11d9a
oqpzn8j	5f732d2857d7b8a78588758b46b3a290fa8ad2ec
p2f8593	8664e63ee3abd7cd0bb5468d9434dfa844c472a3
p3ik5cp	90f5d928c7ce2442c52b1359bf0f4d0a8d5fb0c1
p3iqzw4	3f7e7b3d5ef8cdf7ab37046483eb903ec03cfd17
q79atea	0e178e0f313bf39e99602496242b4e8aad7ce474
qcioex1	7f1247a02e68670596d3afab35da78d5b1279243
qcit2xf	bd0f11fe50ae3b0942961064dfbb0fe95933f216
qlb94ya	164876a35c2c73435f534337be99df42792a7a59
qo85ypv	3ea843b3727bf0556462bd555b5b364be87555fe
qpsb98x	43a73d2367f6f37614cec7d6f0bbe8a1b5a1eab9
qxshy8l	dd387b290a9d0c12e8b938e3d05c6dba273c5a9c
qy3y3wx	d6d78b2137ae72644ffea4cebbd2018e82c66351
qy41jxg	fa81e8b535f9277e2ba515fc244b0f52e8533f9e
sj2uv5s	50fc271544a47725a5ff1beea3a093b0d0f8580a
skddu04	98d7aaeb67d4887f6fd21eb532bd755909cf7b61
skmqyas	a17c87fbaee9ea5b7a505bd7513c042dc353f788
skmtn5g	c64c01c67bb600aba7582fc2a3debbaf868520a8
skmwbhd	c0290ce4b09fc44ce0f4b403552963d215c13878
swc4vax	10ddd3182561a6df5aaf2531b72ff00002b40c8c
swc6dqg	c7b788add52cd4206dc7c549bef10c1a811b0025
sx4e1oy	cb9fc526afa5087f90c60cb286679ff03c4afb69
t0rga2w	af9c845a784df21dcee09e13cfb3a88fb85fddee
